node_key,Alcol
107714,0
107676,0
107675,0
107290,0
252,1
253,1
254,1
255,1
256,0
257,1
107674,1
258,1
259,0
107673,1
262,0
107672,0
194033,3
107154,9
107155,7
107176,2
107177,0
107178,0
107460,0
107456,0
107455,0
106906,0
106907,1
107129,4
107076,3
107075,3
114849,1
102592,0
106939,3
106859,1
106860,2
106861,3
194044,0
193725,0
193726,0
193727,1
193728,2
193729,2
193730,4
193731,4
193733,0
193734,0
193738,1
193992,1
193993,1
193994,1
193995,1
193996,0
194018,0
194025,0
194027,0
194028,0
194029,0
194030,0
194031,0
194034,13
194035,9
194036,0
194037,0
194039,4
194040,0
194041,1
194043,0
130105,2
71798,0
71797,0
71796,0
71795,0
66722,1
71821,1
71822,3
71823,2
130106,0
130138,1
130139,1
130140,1
130144,1
130145,0
130148,0
71820,2
